Pays1,Pays2,Pays3,Pays4,Pays5,Percentage1,Percentage2,Percentage3,Percentage4,Percentage5,Player1,Player2,Player3,Player4,Player5,Time
Argentina,France,France,France,France,74.0,3.0,3.0,1.0,1.0,Messi,Griezmann,Pogba,Mbappe,Pavard,2018-06-30 12:06:47.572960
Argentina,France,France,France,France,75.0,3.0,3.0,1.0,1.0,Messi,Griezmann,Pogba,Mbappe,Pavard,2018-06-30 12:07:53.747080
Argentina,France,France,France,France,77.0,3.0,2.0,1.0,1.0,Messi,Griezmann,Pogba,Mbappe,Pavard,2018-06-30 12:08:53.830636
Argentina,France,France,France,France,78.0,3.0,2.0,1.0,1.0,Messi,Griezmann,Pogba,Mbappe,Pavard,2018-06-30 12:09:53.863045
Argentina,France,France,France,France,79.0,3.0,2.0,1.0,1.0,Messi,Griezmann,Pogba,Mbappe,Pavard,2018-06-30 12:10:53.941185
Argentina,France,France,France,France,79.0,3.0,2.0,1.0,1.0,Messi,Griezmann,Pogba,Mbappe,Pavard,2018-06-30 12:11:53.969176
Argentina,France,France,France,France,80.0,3.0,2.0,1.0,1.0,Messi,Griezmann,Pogba,Mbappe,Pavard,2018-06-30 12:12:54.015058
Argentina,France,France,France,France,80.0,2.0,2.0,1.0,1.0,Messi,Griezmann,Pogba,Mbappe,Pavard,2018-06-30 12:13:54.092213
Argentina,France,France,France,France,81.0,2.0,2.0,1.0,1.0,Messi,Griezmann,Pogba,Mbappe,Pavard,2018-06-30 12:14:54.152034
Argentina,France,France,France,France,81.0,2.0,2.0,1.0,1.0,Messi,Griezmann,Pogba,Mbappe,Pavard,2018-06-30 12:15:54.238143
Argentina,France,France,France,France,82.0,2.0,2.0,1.0,1.0,Messi,Griezmann,Pogba,Mbappe,Pavard,2018-06-30 12:16:54.318877
Argentina,France,France,France,France,82.0,2.0,2.0,1.0,1.0,Messi,Griezmann,Pogba,Mbappe,Pavard,2018-06-30 12:17:54.384051
Argentina,France,France,France,France,82.0,2.0,2.0,1.0,1.0,Messi,Griezmann,Pogba,Mbappe,Pavard,2018-06-30 12:18:54.466724
Argentina,France,France,France,France,82.0,2.0,2.0,1.0,1.0,Messi,Griezmann,Pogba,Mbappe,Pavard,2018-06-30 12:19:54.549745
Argentina,France,France,France,France,82.0,2.0,2.0,1.0,1.0,Messi,Griezmann,Pogba,Mbappe,Pavard,2018-06-30 12:20:54.606755
Argentina,France,France,France,France,82.0,2.0,2.0,1.0,1.0,Messi,Griezmann,Pogba,Mbappe,Pavard,2018-06-30 12:21:54.693743
Argentina,France,France,France,France,82.0,2.0,2.0,1.0,1.0,Messi,Griezmann,Pogba,Mbappe,Pavard,2018-06-30 12:22:54.763879
Argentina,France,France,France,France,82.0,2.0,2.0,1.0,1.0,Messi,Griezmann,Pogba,Mbappe,Pavard,2018-06-30 12:23:54.838699
Argentina,France,France,France,France,82.0,2.0,2.0,1.0,1.0,Messi,Griezmann,Pogba,Mbappe,Pavard,2018-06-30 12:24:54.895604
Argentina,France,France,France,France,82.0,2.0,2.0,1.0,1.0,Messi,Griezmann,Pogba,Mbappe,Pavard,2018-06-30 12:25:54.979229
Argentina,France,France,France,France,82.0,2.0,2.0,1.0,1.0,Messi,Griezmann,Pogba,Mbappe,Pavard,2018-06-30 12:26:55.030544
Argentina,France,France,France,France,82.0,2.0,2.0,1.0,1.0,Messi,Griezmann,Pogba,Mbappe,Pavard,2018-06-30 12:27:55.109768
Argentina,France,France,France,France,82.0,2.0,2.0,1.0,1.0,Messi,Griezmann,Pogba,Mbappe,Pavard,2018-06-30 12:28:55.167157
Argentina,France,France,France,France,82.0,2.0,2.0,1.0,1.0,Messi,Griezmann,Pogba,Mbappe,Pavard,2018-06-30 12:29:55.198653
Argentina,France,France,France,France,83.0,2.0,2.0,1.0,1.0,Messi,Griezmann,Pogba,Mbappe,Pavard,2018-06-30 12:30:55.275787
Argentina,France,France,France,France,83.0,2.0,2.0,1.0,1.0,Messi,Griezmann,Pogba,Mbappe,Pavard,2018-06-30 12:31:55.360245
Argentina,France,France,France,France,83.0,2.0,2.0,1.0,1.0,Messi,Griezmann,Pogba,Mbappe,Pavard,2018-06-30 12:32:55.418758
Argentina,France,France,France,France,83.0,2.0,2.0,1.0,1.0,Messi,Griezmann,Pogba,Mbappe,Pavard,2018-06-30 12:33:55.466595
Argentina,France,France,France,France,83.0,2.0,2.0,1.0,1.0,Messi,Griezmann,Pogba,Mbappe,Pavard,2018-06-30 12:34:55.530693
Argentina,France,France,France,France,83.0,2.0,2.0,1.0,1.0,Messi,Griezmann,Pogba,Mbappe,Pavard,2018-06-30 12:35:55.563990
Argentina,France,France,France,France,83.0,2.0,2.0,1.0,1.0,Messi,Griezmann,Pogba,Mbappe,Pavard,2018-06-30 12:36:55.647000
Argentina,France,France,France,France,83.0,2.0,2.0,1.0,1.0,Messi,Griezmann,Pogba,Mbappe,Pavard,2018-06-30 12:37:55.727940
Argentina,France,France,France,France,83.0,2.0,2.0,1.0,1.0,Messi,Griezmann,Pogba,Mbappe,Pavard,2018-06-30 12:38:55.802631
Argentina,France,France,France,France,83.0,2.0,2.0,1.0,1.0,Messi,Griezmann,Pogba,Mbappe,Pavard,2018-06-30 12:39:55.860572
Argentina,France,France,France,France,83.0,2.0,2.0,1.0,1.0,Messi,Griezmann,Pogba,Mbappe,Pavard,2018-06-30 12:40:55.942564
Argentina,France,France,France,France,83.0,2.0,2.0,1.0,1.0,Messi,Griezmann,Pogba,Mbappe,Pavard,2018-06-30 12:41:55.969810
Argentina,France,France,France,France,83.0,2.0,2.0,1.0,1.0,Messi,Griezmann,Pogba,Mbappe,Pavard,2018-06-30 12:42:56.054431
Argentina,France,France,France,France,83.0,2.0,2.0,1.0,1.0,Messi,Griezmann,Pogba,Mbappe,Pavard,2018-06-30 12:43:56.100881
Argentina,France,France,France,France,83.0,2.0,2.0,1.0,1.0,Messi,Griezmann,Pogba,Mbappe,Pavard,2018-06-30 12:44:56.133679
Argentina,France,France,France,France,83.0,2.0,2.0,1.0,1.0,Messi,Griezmann,Pogba,Mbappe,Pavard,2018-06-30 12:45:56.213124
Argentina,France,France,France,France,83.0,2.0,2.0,1.0,1.0,Messi,Griezmann,Pogba,Mbappe,Pavard,2018-06-30 12:46:56.291470
Argentina,France,France,France,France,83.0,2.0,2.0,1.0,1.0,Messi,Griezmann,Pogba,Mbappe,Pavard,2018-06-30 12:47:56.377433
Argentina,France,France,France,France,83.0,2.0,2.0,1.0,1.0,Messi,Griezmann,Pogba,Mbappe,Pavard,2018-06-30 12:48:56.431328
Argentina,France,France,France,France,83.0,2.0,2.0,1.0,1.0,Messi,Griezmann,Pogba,Mbappe,Pavard,2018-06-30 12:49:56.506919
Argentina,France,France,France,France,83.0,2.0,2.0,1.0,1.0,Messi,Griezmann,Pogba,Mbappe,Pavard,2018-06-30 12:50:56.574691
Argentina,France,France,France,France,83.0,2.0,2.0,1.0,1.0,Messi,Griezmann,Pogba,Mbappe,Pavard,2018-06-30 12:51:56.660857
Argentina,France,France,France,France,83.0,2.0,2.0,1.0,1.0,Messi,Griezmann,Pogba,Mbappe,Pavard,2018-06-30 12:52:56.747315
Argentina,France,France,France,France,83.0,2.0,2.0,1.0,1.0,Messi,Griezmann,Pogba,Mbappe,Pavard,2018-06-30 12:53:56.826271
Argentina,France,France,France,France,83.0,2.0,2.0,1.0,1.0,Messi,Griezmann,Pogba,Mbappe,Pavard,2018-06-30 12:54:56.893218
Argentina,France,France,France,France,83.0,2.0,2.0,1.0,1.0,Messi,Griezmann,Pogba,Mbappe,Pavard,2018-06-30 12:55:56.934307
Argentina,France,France,France,France,83.0,2.0,2.0,1.0,1.0,Messi,Griezmann,Pogba,Mbappe,Pavard,2018-06-30 12:56:57.022214
Argentina,France,France,France,France,83.0,2.0,2.0,1.0,1.0,Messi,Griezmann,Pogba,Mbappe,Pavard,2018-06-30 12:57:57.096280
Argentina,France,France,France,France,83.0,2.0,2.0,1.0,1.0,Messi,Griezmann,Pogba,Mbappe,Pavard,2018-06-30 12:58:57.182145
Argentina,France,France,France,France,83.0,2.0,2.0,1.0,1.0,Messi,Griezmann,Pogba,Mbappe,Pavard,2018-06-30 12:59:57.234885
Argentina,France,France,France,France,83.0,2.0,2.0,1.0,1.0,Messi,Griezmann,Pogba,Mbappe,Pavard,2018-06-30 13:00:57.296560
Argentina,France,France,France,France,83.0,2.0,2.0,1.0,1.0,Messi,Griezmann,Pogba,Mbappe,Pavard,2018-06-30 13:01:57.358919
Argentina,France,France,France,France,82.0,2.0,2.0,1.0,1.0,Messi,Griezmann,Pogba,Mbappe,Pavard,2018-06-30 13:02:57.409691
Argentina,France,France,France,France,82.0,2.0,2.0,1.0,1.0,Messi,Griezmann,Pogba,Mbappe,Pavard,2018-06-30 13:03:57.455123
Argentina,France,France,France,France,82.0,2.0,2.0,1.0,1.0,Messi,Griezmann,Pogba,Mbappe,Pavard,2018-06-30 13:04:57.498460
Argentina,France,France,France,France,82.0,3.0,2.0,1.0,1.0,Messi,Griezmann,Pogba,Mbappe,Pavard,2018-06-30 13:05:57.574480
Argentina,France,France,France,France,82.0,3.0,2.0,1.0,1.0,Messi,Griezmann,Pogba,Mbappe,Pavard,2018-06-30 13:06:57.614920
Argentina,France,France,France,France,82.0,3.0,2.0,1.0,1.0,Messi,Griezmann,Pogba,Mbappe,Pavard,2018-06-30 13:07:57.668409
Argentina,France,France,France,France,82.0,3.0,2.0,1.0,1.0,Messi,Griezmann,Pogba,Mbappe,Pavard,2018-06-30 13:08:57.740467
Argentina,France,France,France,France,81.0,3.0,2.0,1.0,1.0,Messi,Griezmann,Pogba,Mbappe,Pavard,2018-06-30 13:09:57.815635
Argentina,France,France,France,France,81.0,3.0,2.0,1.0,1.0,Messi,Griezmann,Pogba,Mbappe,Pavard,2018-06-30 13:10:57.894497
Argentina,France,France,France,France,81.0,3.0,2.0,1.0,1.0,Messi,Griezmann,Pogba,Mbappe,Pavard,2018-06-30 13:11:57.953054
Argentina,France,France,France,France,81.0,3.0,2.0,1.0,1.0,Messi,Griezmann,Pogba,Mbappe,Pavard,2018-06-30 13:12:58.014068
Argentina,France,France,France,France,81.0,3.0,2.0,1.0,1.0,Messi,Griezmann,Pogba,Mbappe,Pavard,2018-06-30 13:13:58.099886
Argentina,France,France,France,France,81.0,3.0,2.0,1.0,1.0,Messi,Griezmann,Pogba,Mbappe,Pavard,2018-06-30 13:14:58.155293
Argentina,France,France,France,France,81.0,3.0,2.0,1.0,1.0,Messi,Griezmann,Pogba,Mbappe,Pavard,2018-06-30 13:15:58.230735
Argentina,France,France,France,France,81.0,3.0,2.0,1.0,1.0,Messi,Griezmann,Pogba,Mbappe,Pavard,2018-06-30 13:16:58.305408
Argentina,France,France,France,France,81.0,3.0,2.0,1.0,1.0,Messi,Griezmann,Pogba,Mbappe,Pavard,2018-06-30 13:17:58.338613
Argentina,France,France,France,France,81.0,3.0,2.0,1.0,1.0,Messi,Griezmann,Pogba,Mbappe,Pavard,2018-06-30 13:18:58.381010
Argentina,France,France,France,France,81.0,3.0,2.0,1.0,1.0,Messi,Griezmann,Pogba,Mbappe,Pavard,2018-06-30 13:19:58.452715
Argentina,France,France,France,France,81.0,3.0,2.0,1.0,1.0,Messi,Griezmann,Pogba,Mbappe,Pavard,2018-06-30 13:20:58.538952
Argentina,France,France,France,France,81.0,3.0,2.0,1.0,1.0,Messi,Griezmann,Pogba,Mbappe,Pavard,2018-06-30 13:21:58.585305
Argentina,France,France,France,France,81.0,3.0,2.0,1.0,1.0,Messi,Griezmann,Pogba,Mbappe,Pavard,2018-06-30 13:22:58.671281
Argentina,France,France,France,France,81.0,3.0,2.0,1.0,1.0,Messi,Griezmann,Pogba,Mbappe,Pavard,2018-06-30 13:23:58.740302
Argentina,France,France,France,France,81.0,3.0,2.0,1.0,1.0,Messi,Griezmann,Pogba,Mbappe,Pavard,2018-06-30 13:24:58.801659
Argentina,France,France,France,France,81.0,3.0,2.0,1.0,1.0,Messi,Griezmann,Pogba,Mbappe,Pavard,2018-06-30 13:25:58.868965
Argentina,France,France,France,France,81.0,3.0,2.0,1.0,1.0,Messi,Griezmann,Pogba,Mbappe,Pavard,2018-06-30 13:26:58.940311
Argentina,France,France,France,France,81.0,3.0,2.0,1.0,1.0,Messi,Griezmann,Pogba,Mbappe,Pavard,2018-06-30 13:27:58.976828
Argentina,France,France,France,France,81.0,3.0,2.0,1.0,1.0,Messi,Griezmann,Pogba,Mbappe,Pavard,2018-06-30 13:28:59.022683
Argentina,France,France,France,France,81.0,3.0,2.0,1.0,1.0,Messi,Griezmann,Pogba,Mbappe,Pavard,2018-06-30 13:29:59.051891
Argentina,France,France,France,France,81.0,3.0,2.0,1.0,1.0,Messi,Griezmann,Pogba,Mbappe,Pavard,2018-06-30 13:30:59.095071
Argentina,France,France,France,France,81.0,3.0,2.0,1.0,1.0,Messi,Griezmann,Pogba,Mbappe,Pavard,2018-06-30 13:31:59.127507
Argentina,France,France,France,France,81.0,3.0,2.0,1.0,1.0,Messi,Griezmann,Pogba,Mbappe,Pavard,2018-06-30 13:32:59.195762
Argentina,France,France,France,France,81.0,3.0,2.0,1.0,1.0,Messi,Griezmann,Pogba,Mbappe,Pavard,2018-06-30 13:33:59.282234
Argentina,France,France,France,France,81.0,3.0,2.0,1.0,1.0,Messi,Griezmann,Pogba,Mbappe,Pavard,2018-06-30 13:34:59.311893
Argentina,France,France,France,France,81.0,3.0,2.0,1.0,1.0,Messi,Griezmann,Pogba,Mbappe,Pavard,2018-06-30 13:35:59.394167
Argentina,France,France,France,France,81.0,3.0,2.0,1.0,1.0,Messi,Griezmann,Pogba,Mbappe,Pavard,2018-06-30 13:36:59.442662
Argentina,France,France,France,France,81.0,3.0,2.0,1.0,1.0,Messi,Griezmann,Pogba,Mbappe,Pavard,2018-06-30 13:37:59.525165
Argentina,France,France,France,France,81.0,3.0,2.0,1.0,1.0,Messi,Griezmann,Pogba,Mbappe,Pavard,2018-06-30 13:38:59.552133
Argentina,France,France,France,France,81.0,3.0,2.0,1.0,1.0,Messi,Griezmann,Pogba,Mbappe,Pavard,2018-06-30 13:39:59.607444
Argentina,France,France,France,France,81.0,3.0,2.0,1.0,1.0,Messi,Griezmann,Pogba,Mbappe,Pavard,2018-06-30 13:40:59.670525
Argentina,France,France,France,France,81.0,3.0,2.0,1.0,1.0,Messi,Griezmann,Pogba,Mbappe,Pavard,2018-06-30 13:41:59.756367
Argentina,France,France,France,France,81.0,3.0,2.0,1.0,1.0,Messi,Griezmann,Pogba,Mbappe,Pavard,2018-06-30 13:42:59.836320
Argentina,France,France,France,France,81.0,3.0,2.0,1.0,1.0,Messi,Griezmann,Pogba,Mbappe,Pavard,2018-06-30 13:43:59.903622
Argentina,France,France,France,France,81.0,3.0,2.0,1.0,1.0,Messi,Griezmann,Pogba,Mbappe,Pavard,2018-06-30 13:44:59.985302
Argentina,France,France,France,France,80.0,3.0,2.0,1.0,1.0,Messi,Griezmann,Pogba,Mbappe,Pavard,2018-06-30 13:46:00.051070
Argentina,France,France,France,France,79.0,4.0,2.0,1.0,1.0,Messi,Griezmann,Pogba,Mbappe,Pavard,2018-06-30 13:47:00.101307
Argentina,France,France,France,France,79.0,4.0,2.0,1.0,1.0,Messi,Griezmann,Pogba,Mbappe,Pavard,2018-06-30 13:48:00.187757
Argentina,France,France,France,France,78.0,4.0,2.0,1.0,1.0,Messi,Griezmann,Pogba,Mbappe,Pavard,2018-06-30 13:49:00.270488
Argentina,France,France,France,France,78.0,5.0,2.0,1.0,1.0,Messi,Griezmann,Pogba,Mbappe,Pavard,2018-06-30 13:50:00.312664
Argentina,France,France,France,France,77.0,5.0,2.0,1.0,1.0,Messi,Griezmann,Pogba,Mbappe,Pavard,2018-06-30 13:51:00.375663
Argentina,France,France,France,France,77.0,5.0,2.0,1.0,1.0,Messi,Griezmann,Pogba,Mbappe,Pavard,2018-06-30 13:52:00.461058
Argentina,France,France,France,France,76.0,5.0,2.0,1.0,1.0,Messi,Griezmann,Pogba,Mbappe,Pavard,2018-06-30 13:53:00.547181
Argentina,France,France,France,France,76.0,5.0,2.0,1.0,1.0,Messi,Griezmann,Pogba,Mbappe,Pavard,2018-06-30 13:54:00.589364
Argentina,France,France,France,France,75.0,6.0,2.0,1.0,1.0,Messi,Griezmann,Pogba,Mbappe,Pavard,2018-06-30 13:55:00.659027
Argentina,France,France,France,France,75.0,6.0,2.0,1.0,1.0,Messi,Griezmann,Pogba,Mbappe,Pavard,2018-06-30 13:56:00.738797
Argentina,France,France,France,France,75.0,6.0,2.0,1.0,1.0,Messi,Griezmann,Pogba,Mbappe,Pavard,2018-06-30 13:57:00.802730
Argentina,France,France,France,France,74.0,6.0,2.0,1.0,1.0,Messi,Griezmann,Pogba,Mbappe,Pavard,2018-06-30 13:58:00.879444
Argentina,France,France,France,France,74.0,6.0,2.0,1.0,1.0,Messi,Griezmann,Pogba,Mbappe,Pavard,2018-06-30 13:59:00.915378
Argentina,France,France,France,France,74.0,7.0,2.0,1.0,1.0,Messi,Griezmann,Pogba,Mbappe,Pavard,2018-06-30 14:00:00.998594
Argentina,France,France,France,France,73.0,7.0,2.0,1.0,1.0,Messi,Griezmann,Pogba,Mbappe,Pavard,2018-06-30 14:01:01.082550
Argentina,France,France,France,France,73.0,7.0,2.0,1.0,1.0,Messi,Griezmann,Pogba,Mbappe,Pavard,2018-06-30 14:02:01.163206
Argentina,France,France,France,France,73.0,7.0,2.0,1.0,1.0,Messi,Griezmann,Pogba,Mbappe,Pavard,2018-06-30 14:03:01.249205
Argentina,France,France,France,France,72.0,7.0,2.0,1.0,1.0,Messi,Griezmann,Pogba,Mbappe,Pavard,2018-06-30 14:04:01.326800
Argentina,France,France,France,France,72.0,8.0,2.0,1.0,1.0,Messi,Griezmann,Pogba,Mbappe,Pavard,2018-06-30 14:05:01.413348
Argentina,France,France,France,France,72.0,8.0,2.0,1.0,1.0,Messi,Griezmann,Pogba,Mbappe,Pavard,2018-06-30 14:06:01.487282
Argentina,France,France,France,France,72.0,8.0,2.0,1.0,1.0,Messi,Griezmann,Pogba,Mbappe,Pavard,2018-06-30 14:07:01.559437
Argentina,France,France,France,France,71.0,8.0,2.0,1.0,1.0,Messi,Griezmann,Pogba,Mbappe,Pavard,2018-06-30 14:08:01.631687
Argentina,France,France,France,France,71.0,8.0,2.0,1.0,1.0,Messi,Griezmann,Pogba,Mbappe,Pavard,2018-06-30 14:09:01.666330
Argentina,France,France,France,France,71.0,8.0,2.0,1.0,1.0,Messi,Griezmann,Pogba,Mbappe,Pavard,2018-06-30 14:10:01.752577
Argentina,France,France,France,France,71.0,8.0,2.0,1.0,1.0,Messi,Griezmann,Pogba,Mbappe,Pavard,2018-06-30 14:11:01.832026
Argentina,France,France,France,France,71.0,8.0,2.0,1.0,1.0,Messi,Griezmann,Pogba,Mbappe,Pavard,2018-06-30 14:12:01.903240
Argentina,France,France,France,France,71.0,8.0,2.0,1.0,1.0,Messi,Griezmann,Pogba,Mbappe,Pavard,2018-06-30 14:13:01.966346
Argentina,France,France,France,France,71.0,9.0,2.0,1.0,1.0,Messi,Griezmann,Pogba,Mbappe,Pavard,2018-06-30 14:14:02.014656
Argentina,France,France,France,France,71.0,9.0,2.0,1.0,1.0,Messi,Griezmann,Pogba,Mbappe,Pavard,2018-06-30 14:15:02.056700
Argentina,France,France,France,France,70.0,9.0,2.0,1.0,1.0,Messi,Griezmann,Pogba,Mbappe,Pavard,2018-06-30 14:16:02.094961
Argentina,France,France,France,France,70.0,10.0,2.0,1.0,1.0,Messi,Griezmann,Pogba,Mbappe,Pavard,2018-06-30 14:17:02.156904
Argentina,France,France,France,France,69.0,10.0,2.0,1.0,1.0,Messi,Griezmann,Pogba,Mbappe,Pavard,2018-06-30 14:18:02.207556
Argentina,France,France,France,France,69.0,10.0,2.0,2.0,1.0,Messi,Griezmann,Pogba,Mbappe,Pavard,2018-06-30 14:19:02.243419
Argentina,France,France,France,France,69.0,10.0,2.0,2.0,1.0,Messi,Griezmann,Pogba,Mbappe,Pavard,2018-06-30 14:20:02.315573
Argentina,France,France,France,France,68.0,10.0,2.0,2.0,1.0,Messi,Griezmann,Pogba,Mbappe,Pavard,2018-06-30 14:21:02.365185
Argentina,France,France,France,France,68.0,11.0,2.0,2.0,1.0,Messi,Griezmann,Pogba,Mbappe,Pavard,2018-06-30 14:22:02.399213
Argentina,France,France,France,France,68.0,11.0,2.0,2.0,1.0,Messi,Griezmann,Pogba,Mbappe,Pavard,2018-06-30 14:23:02.479143
Argentina,France,France,France,France,68.0,11.0,2.0,2.0,1.0,Messi,Griezmann,Pogba,Mbappe,Pavard,2018-06-30 14:24:02.562836
Argentina,France,France,France,France,68.0,11.0,2.0,2.0,1.0,Messi,Griezmann,Pogba,Mbappe,Pavard,2018-06-30 14:25:02.648934
Argentina,France,France,France,France,68.0,11.0,2.0,2.0,1.0,Messi,Griezmann,Pogba,Mbappe,Pavard,2018-06-30 14:26:02.691892
Argentina,France,France,France,France,67.0,11.0,2.0,1.0,1.0,Messi,Griezmann,Pogba,Mbappe,Pavard,2018-06-30 14:27:02.742757
Argentina,France,France,France,France,67.0,11.0,2.0,1.0,1.0,Messi,Griezmann,Pogba,Mbappe,Pavard,2018-06-30 14:28:02.790752
Argentina,France,France,France,France,67.0,12.0,2.0,1.0,1.0,Messi,Griezmann,Pogba,Mbappe,Pavard,2018-06-30 14:29:02.861748
Argentina,France,France,France,France,67.0,12.0,2.0,1.0,1.0,Messi,Griezmann,Pogba,Mbappe,Pavard,2018-06-30 14:30:02.932424
Argentina,France,France,France,France,67.0,12.0,2.0,2.0,1.0,Messi,Griezmann,Pogba,Mbappe,Pavard,2018-06-30 14:31:03.004109
Argentina,France,France,France,France,67.0,12.0,2.0,2.0,1.0,Messi,Griezmann,Pogba,Mbappe,Pavard,2018-06-30 14:32:03.086742
Argentina,France,France,France,France,66.0,12.0,2.0,2.0,1.0,Messi,Griezmann,Pogba,Mbappe,Pavard,2018-06-30 14:33:03.165096
Argentina,France,France,France,France,66.0,12.0,2.0,1.0,1.0,Messi,Griezmann,Pogba,Mbappe,Pavard,2018-06-30 14:34:03.235633
Argentina,France,France,France,France,66.0,12.0,2.0,1.0,1.0,Messi,Griezmann,Pogba,Mbappe,Pavard,2018-06-30 14:35:03.274651
Argentina,France,France,France,France,66.0,12.0,2.0,1.0,1.0,Messi,Griezmann,Pogba,Mbappe,Pavard,2018-06-30 14:36:03.342744
Argentina,France,France,France,France,66.0,12.0,2.0,1.0,1.0,Messi,Griezmann,Pogba,Mbappe,Pavard,2018-06-30 14:37:03.380896
Argentina,France,France,France,France,65.0,12.0,2.0,2.0,1.0,Messi,Griezmann,Pogba,Mbappe,Pavard,2018-06-30 14:38:03.462630
Argentina,France,France,France,France,65.0,12.0,2.0,2.0,1.0,Messi,Griezmann,Pogba,Mbappe,Pavard,2018-06-30 14:39:03.548648
Argentina,France,France,France,France,65.0,12.0,2.0,2.0,1.0,Messi,Griezmann,Pogba,Mbappe,Pavard,2018-06-30 14:40:03.616723
Argentina,France,France,France,France,65.0,13.0,2.0,2.0,1.0,Messi,Griezmann,Pogba,Mbappe,Pavard,2018-06-30 14:41:03.697644
Argentina,France,France,France,France,65.0,12.0,2.0,2.0,1.0,Messi,Griezmann,Pogba,Mbappe,Pavard,2018-06-30 14:42:03.760051
Argentina,France,France,France,France,65.0,13.0,2.0,2.0,1.0,Messi,Griezmann,Pogba,Mbappe,Pavard,2018-06-30 14:43:03.826754
Argentina,France,France,France,France,65.0,12.0,2.0,2.0,1.0,Messi,Griezmann,Pogba,Mbappe,Pavard,2018-06-30 14:44:03.880246
Argentina,France,France,France,France,65.0,13.0,2.0,1.0,1.0,Messi,Griezmann,Pogba,Mbappe,Pavard,2018-06-30 14:45:03.914706
Argentina,France,France,France,France,64.0,12.0,2.0,1.0,1.0,Messi,Griezmann,Pogba,Mbappe,Pavard,2018-06-30 14:46:03.972749
Argentina,France,France,France,France,64.0,12.0,2.0,1.0,1.0,Messi,Griezmann,Pogba,Mbappe,Pavard,2018-06-30 14:47:04.054488
Argentina,France,France,France,France,63.0,12.0,2.0,1.0,1.0,Messi,Griezmann,Pogba,Mbappe,Pavard,2018-06-30 14:48:04.120819
Argentina,France,France,France,France,62.0,12.0,2.0,1.0,1.0,Messi,Griezmann,Pogba,Mbappe,Pavard,2018-06-30 14:49:04.201943
Argentina,France,France,France,France,61.0,12.0,2.0,1.0,1.0,Messi,Griezmann,Pogba,Mbappe,Pavard,2018-06-30 14:50:04.267212
Argentina,France,France,France,France,60.0,12.0,2.0,1.0,1.0,Messi,Griezmann,Pogba,Mbappe,Pavard,2018-06-30 14:51:04.329831
Argentina,France,France,France,France,59.0,12.0,2.0,1.0,1.0,Messi,Griezmann,Pogba,Mbappe,Pavard,2018-06-30 14:52:04.408966
Argentina,France,France,France,France,58.0,11.0,2.0,1.0,1.0,Messi,Griezmann,Pogba,Mbappe,Pavard,2018-06-30 14:53:04.446763
Argentina,France,France,France,France,57.0,11.0,2.0,1.0,1.0,Messi,Griezmann,Pogba,Mbappe,Pavard,2018-06-30 14:54:04.507053
Argentina,France,France,France,France,57.0,11.0,2.0,1.0,1.0,Messi,Griezmann,Pogba,Mbappe,Pavard,2018-06-30 14:55:04.554441
Argentina,France,France,France,France,57.0,11.0,2.0,1.0,1.0,Messi,Griezmann,Pogba,Mbappe,Pavard,2018-06-30 14:56:04.640588
Argentina,France,France,France,France,56.0,10.0,2.0,1.0,1.0,Messi,Griezmann,Pogba,Mbappe,Pavard,2018-06-30 14:57:04.719928
Argentina,France,France,France,France,56.0,10.0,2.0,1.0,1.0,Messi,Griezmann,Pogba,Mbappe,Pavard,2018-06-30 14:58:04.804987
Argentina,France,France,France,France,55.0,10.0,2.0,1.0,1.0,Messi,Griezmann,Pogba,Mbappe,Pavard,2018-06-30 14:59:04.852553
Argentina,France,France,France,France,54.0,10.0,2.0,1.0,1.0,Messi,Griezmann,Pogba,Mbappe,Pavard,2018-06-30 15:00:04.888251
Argentina,France,France,France,France,54.0,10.0,2.0,1.0,1.0,Messi,Griezmann,Pogba,Mbappe,Pavard,2018-06-30 15:01:04.969404
Argentina,France,France,France,France,53.0,10.0,2.0,1.0,1.0,Messi,Griezmann,Pogba,Mbappe,Pavard,2018-06-30 15:02:05.031352
Argentina,France,France,France,France,52.0,10.0,2.0,1.0,1.0,Messi,Griezmann,Pogba,Mbappe,Pavard,2018-06-30 15:03:05.105810
Argentina,France,France,France,France,52.0,9.0,2.0,1.0,1.0,Messi,Griezmann,Pogba,Mbappe,Pavard,2018-06-30 15:04:05.190490
Argentina,France,France,France,France,51.0,9.0,2.0,1.0,1.0,Messi,Griezmann,Pogba,Mbappe,Pavard,2018-06-30 15:05:05.230702
Argentina,France,France,France,France,51.0,9.0,2.0,1.0,1.0,Messi,Griezmann,Pogba,Mbappe,Pavard,2018-06-30 15:06:05.298873
Argentina,France,France,France,France,50.0,9.0,2.0,1.0,1.0,Messi,Griezmann,Pogba,Mbappe,Pavard,2018-06-30 15:07:05.365085
Argentina,France,France,France,France,50.0,9.0,2.0,1.0,1.0,Messi,Griezmann,Pogba,Mbappe,Pavard,2018-06-30 15:08:05.415881
Argentina,France,France,France,France,49.0,9.0,2.0,1.0,1.0,Messi,Griezmann,Pogba,Mbappe,Pavard,2018-06-30 15:09:05.483724
Argentina,France,France,France,France,49.0,9.0,2.0,1.0,1.0,Messi,Griezmann,Pogba,Mbappe,Pavard,2018-06-30 15:10:05.557498
Argentina,France,France,France,France,48.0,9.0,2.0,1.0,1.0,Messi,Griezmann,Pogba,Mbappe,Pavard,2018-06-30 15:11:05.638228
Argentina,France,France,France,France,48.0,9.0,2.0,1.0,1.0,Messi,Griezmann,Pogba,Mbappe,Pavard,2018-06-30 15:12:05.724206
Argentina,France,France,France,France,48.0,9.0,2.0,1.0,1.0,Messi,Griezmann,Pogba,Mbappe,Pavard,2018-06-30 15:13:05.777566
Argentina,France,France,France,France,48.0,9.0,2.0,1.0,1.0,Messi,Griezmann,Pogba,Mbappe,Pavard,2018-06-30 15:14:05.862670
Argentina,France,France,France,France,48.0,9.0,2.0,1.0,1.0,Messi,Griezmann,Pogba,Mbappe,Pavard,2018-06-30 15:15:05.946685
Argentina,France,France,France,France,47.0,9.0,2.0,1.0,1.0,Messi,Griezmann,Pogba,Mbappe,Pavard,2018-06-30 15:16:06.030565
Argentina,France,France,France,France,47.0,9.0,2.0,1.0,1.0,Messi,Griezmann,Pogba,Mbappe,Pavard,2018-06-30 15:17:06.098753
Argentina,France,France,France,France,47.0,8.0,2.0,1.0,1.0,Messi,Griezmann,Pogba,Mbappe,Pavard,2018-06-30 15:18:06.175661
Argentina,France,France,France,France,47.0,8.0,2.0,1.0,1.0,Messi,Griezmann,Pogba,Mbappe,Pavard,2018-06-30 15:19:06.254447
Argentina,France,France,France,France,46.0,8.0,2.0,1.0,1.0,Messi,Griezmann,Pogba,Mbappe,Pavard,2018-06-30 15:20:06.294629
Argentina,France,France,France,France,46.0,8.0,2.0,1.0,1.0,Messi,Griezmann,Pogba,Mbappe,Pavard,2018-06-30 15:21:06.354918
Argentina,France,France,France,France,46.0,8.0,2.0,1.0,1.0,Messi,Griezmann,Pogba,Mbappe,Pavard,2018-06-30 15:22:06.430746
Argentina,France,France,France,France,46.0,8.0,2.0,1.0,1.0,Messi,Griezmann,Pogba,Mbappe,Pavard,2018-06-30 15:23:06.491675
Argentina,France,France,France,France,46.0,8.0,2.0,1.0,1.0,Messi,Griezmann,Pogba,Mbappe,Pavard,2018-06-30 15:24:06.542801
Argentina,France,France,France,France,46.0,8.0,2.0,1.0,1.0,Messi,Griezmann,Pogba,Mbappe,Pavard,2018-06-30 15:25:06.586789
Argentina,France,France,France,France,45.0,8.0,2.0,1.0,1.0,Messi,Griezmann,Pogba,Mbappe,Pavard,2018-06-30 15:26:06.665083
Argentina,France,France,France,France,45.0,8.0,2.0,1.0,1.0,Messi,Griezmann,Pogba,Mbappe,Pavard,2018-06-30 15:27:06.751524
Argentina,France,France,France,France,45.0,8.0,2.0,1.0,1.0,Messi,Griezmann,Pogba,Mbappe,Pavard,2018-06-30 15:28:06.830615
Argentina,France,France,France,France,45.0,8.0,2.0,1.0,1.0,Messi,Griezmann,Pogba,Mbappe,Pavard,2018-06-30 15:29:06.886003
Argentina,France,France,France,France,44.0,8.0,2.0,1.0,1.0,Messi,Griezmann,Pogba,Mbappe,Pavard,2018-06-30 15:30:06.947462
Argentina,France,France,France,France,44.0,8.0,2.0,1.0,1.0,Messi,Griezmann,Pogba,Mbappe,Pavard,2018-06-30 15:31:07.006459
Argentina,France,France,France,France,44.0,8.0,2.0,1.0,1.0,Messi,Griezmann,Pogba,Mbappe,Pavard,2018-06-30 15:32:07.063523
Argentina,France,France,France,France,44.0,8.0,2.0,1.0,1.0,Messi,Griezmann,Pogba,Mbappe,Pavard,2018-06-30 15:33:07.146605
Argentina,France,France,France,France,44.0,8.0,2.0,1.0,1.0,Messi,Griezmann,Pogba,Mbappe,Pavard,2018-06-30 15:34:07.189290
Argentina,France,France,France,France,43.0,8.0,2.0,1.0,1.0,Messi,Griezmann,Pogba,Mbappe,Pavard,2018-06-30 15:35:07.232118
Argentina,France,France,France,France,43.0,8.0,2.0,1.0,1.0,Messi,Griezmann,Pogba,Mbappe,Pavard,2018-06-30 15:36:07.316382
Argentina,France,France,France,France,43.0,8.0,2.0,1.0,1.0,Messi,Griezmann,Pogba,Mbappe,Pavard,2018-06-30 15:37:07.402667
Argentina,France,France,France,France,43.0,8.0,2.0,1.0,1.0,Messi,Griezmann,Pogba,Mbappe,Pavard,2018-06-30 15:38:07.432041
Argentina,France,France,France,France,43.0,8.0,2.0,1.0,1.0,Messi,Griezmann,Pogba,Mbappe,Pavard,2018-06-30 15:39:07.502516
Argentina,France,France,France,France,43.0,8.0,2.0,1.0,1.0,Messi,Griezmann,Pogba,Mbappe,Pavard,2018-06-30 15:40:07.587788
Argentina,France,France,France,France,43.0,8.0,3.0,1.0,1.0,Messi,Griezmann,Pogba,Mbappe,Pavard,2018-06-30 15:41:07.646437
Argentina,France,France,France,France,43.0,8.0,3.0,1.0,1.0,Messi,Griezmann,Pogba,Mbappe,Pavard,2018-06-30 15:42:07.693755
Argentina,France,France,France,France,42.0,8.0,3.0,1.0,1.0,Messi,Griezmann,Pogba,Mbappe,Pavard,2018-06-30 15:43:07.762711
Argentina,France,France,France,France,42.0,7.0,3.0,1.0,1.0,Messi,Griezmann,Pogba,Mbappe,Pavard,2018-06-30 15:44:07.820922
Argentina,France,France,France,France,42.0,7.0,3.0,1.0,1.0,Messi,Griezmann,Pogba,Mbappe,Pavard,2018-06-30 15:45:07.907894
Argentina,France,France,France,France,42.0,7.0,3.0,1.0,1.0,Messi,Griezmann,Pogba,Mbappe,Pavard,2018-06-30 15:46:07.986773
Argentina,France,France,France,France,42.0,7.0,3.0,1.0,1.0,Messi,Griezmann,Pogba,Mbappe,Pavard,2018-06-30 15:47:08.050489
Argentina,France,France,France,France,42.0,7.0,3.0,1.0,1.0,Messi,Griezmann,Pogba,Mbappe,Pavard,2018-06-30 15:48:08.105392
Argentina,France,France,France,France,42.0,7.0,3.0,1.0,1.0,Messi,Griezmann,Pogba,Mbappe,Pavard,2018-06-30 15:49:08.150250
Argentina,France,France,France,France,42.0,7.0,3.0,1.0,1.0,Messi,Griezmann,Pogba,Mbappe,Pavard,2018-06-30 15:50:08.222509
Argentina,France,France,France,France,42.0,7.0,3.0,1.0,1.0,Messi,Griezmann,Pogba,Mbappe,Pavard,2018-06-30 15:51:08.279899
Argentina,France,France,France,France,42.0,7.0,3.0,1.0,1.0,Messi,Griezmann,Pogba,Mbappe,Pavard,2018-06-30 15:52:08.366647
Argentina,France,France,France,France,42.0,7.0,3.0,1.0,1.0,Messi,Griezmann,Pogba,Mbappe,Pavard,2018-06-30 15:53:08.432314
Argentina,France,France,France,France,42.0,7.0,3.0,1.0,1.0,Messi,Griezmann,Pogba,Mbappe,Pavard,2018-06-30 15:54:08.516397
Argentina,France,France,France,France,42.0,7.0,3.0,1.0,1.0,Messi,Griezmann,Pogba,Mbappe,Pavard,2018-06-30 15:55:08.602987
Argentina,France,France,France,France,42.0,7.0,3.0,1.0,1.0,Messi,Griezmann,Pogba,Mbappe,Pavard,2018-06-30 15:56:08.688111
Argentina,France,France,France,France,42.0,7.0,3.0,1.0,1.0,Messi,Griezmann,Pogba,Mbappe,Pavard,2018-06-30 15:57:08.758189
Argentina,France,France,France,France,42.0,7.0,3.0,1.0,1.0,Messi,Griezmann,Pogba,Mbappe,Pavard,2018-06-30 15:58:08.806345
Argentina,France,France,France,France,43.0,7.0,3.0,1.0,1.0,Messi,Griezmann,Pogba,Mbappe,Pavard,2018-06-30 15:59:08.891083
Argentina,France,France,France,France,43.0,7.0,3.0,1.0,1.0,Messi,Griezmann,Pogba,Mbappe,Pavard,2018-06-30 16:00:08.968104
Argentina,France,France,France,France,43.0,7.0,3.0,1.0,1.0,Messi,Griezmann,Pogba,Mbappe,Pavard,2018-06-30 16:01:09.054035
Argentina,France,France,France,France,43.0,7.0,3.0,1.0,1.0,Messi,Griezmann,Pogba,Mbappe,Pavard,2018-06-30 16:02:09.086530
Argentina,France,France,France,France,43.0,7.0,3.0,1.0,1.0,Messi,Griezmann,Pogba,Mbappe,Pavard,2018-06-30 16:03:09.144027
Argentina,France,France,France,France,43.0,7.0,3.0,1.0,1.0,Messi,Griezmann,Pogba,Mbappe,Pavard,2018-06-30 16:04:09.216194
Argentina,France,France,France,France,43.0,7.0,3.0,1.0,1.0,Messi,Griezmann,Pogba,Mbappe,Pavard,2018-06-30 16:05:09.259702
Argentina,France,France,France,France,43.0,7.0,3.0,1.0,1.0,Messi,Griezmann,Pogba,Mbappe,Pavard,2018-06-30 16:06:09.346941
Argentina,France,France,France,France,43.0,7.0,3.0,2.0,1.0,Messi,Griezmann,Pogba,Mbappe,Pavard,2018-06-30 16:07:09.429730
Argentina,France,France,France,France,43.0,7.0,3.0,2.0,1.0,Messi,Griezmann,Pogba,Mbappe,Pavard,2018-06-30 16:08:09.480861
Argentina,France,France,France,France,43.0,7.0,3.0,2.0,1.0,Messi,Griezmann,Pogba,Mbappe,Pavard,2018-06-30 16:09:09.566724
Argentina,France,France,France,France,43.0,8.0,3.0,2.0,1.0,Messi,Griezmann,Pogba,Mbappe,Pavard,2018-06-30 16:10:09.650464
Argentina,France,France,France,France,42.0,8.0,3.0,2.0,1.0,Messi,Griezmann,Pogba,Mbappe,Pavard,2018-06-30 16:11:09.736267
Argentina,France,France,France,France,41.0,8.0,4.0,3.0,1.0,Messi,Griezmann,Mbappe,Pogba,Pavard,2018-06-30 16:12:09.819906
Argentina,France,France,France,France,40.0,8.0,6.0,3.0,1.0,Messi,Griezmann,Mbappe,Pogba,Pavard,2018-06-30 16:13:09.884493
Argentina,France,France,France,France,39.0,9.0,7.0,3.0,1.0,Messi,Griezmann,Mbappe,Pogba,Pavard,2018-06-30 16:14:09.911557
Argentina,France,France,France,France,38.0,9.0,9.0,3.0,1.0,Messi,Griezmann,Mbappe,Pogba,Pavard,2018-06-30 16:15:09.990815
Argentina,France,France,France,France,37.0,10.0,10.0,3.0,1.0,Messi,Mbappe,Griezmann,Pogba,Pavard,2018-06-30 16:16:10.043637
Argentina,France,France,France,France,36.0,11.0,10.0,3.0,1.0,Messi,Mbappe,Griezmann,Pogba,Pavard,2018-06-30 16:17:10.121925
Argentina,France,France,France,France,35.0,12.0,11.0,3.0,1.0,Messi,Mbappe,Griezmann,Pogba,Pavard,2018-06-30 16:18:10.194233
Argentina,France,France,France,France,35.0,13.0,11.0,3.0,1.0,Messi,Mbappe,Griezmann,Pogba,Pavard,2018-06-30 16:19:10.274426
Argentina,France,France,France,France,34.0,14.0,11.0,3.0,1.0,Messi,Mbappe,Griezmann,Pogba,Pavard,2018-06-30 16:20:10.359847
Argentina,France,France,France,France,33.0,16.0,11.0,3.0,1.0,Messi,Mbappe,Griezmann,Pogba,Pavard,2018-06-30 16:21:10.402004
Argentina,France,France,France,France,33.0,17.0,11.0,4.0,1.0,Messi,Mbappe,Griezmann,Pogba,Pavard,2018-06-30 16:22:10.474575
Argentina,France,France,France,France,32.0,18.0,11.0,4.0,1.0,Messi,Mbappe,Griezmann,Pogba,Pavard,2018-06-30 16:23:10.545488
Argentina,France,France,France,France,32.0,19.0,11.0,4.0,1.0,Messi,Mbappe,Griezmann,Pogba,Pavard,2018-06-30 16:24:10.627833
Argentina,France,France,France,France,31.0,19.0,11.0,4.0,1.0,Messi,Mbappe,Griezmann,Pogba,Pavard,2018-06-30 16:25:10.712011
Argentina,France,France,France,France,31.0,20.0,11.0,4.0,1.0,Messi,Mbappe,Griezmann,Pogba,Pavard,2018-06-30 16:26:10.782702
Argentina,France,France,France,France,31.0,21.0,11.0,4.0,1.0,Messi,Mbappe,Griezmann,Pogba,Pavard,2018-06-30 16:27:10.850572
Argentina,France,France,France,France,30.0,21.0,11.0,4.0,1.0,Messi,Mbappe,Griezmann,Pogba,Pavard,2018-06-30 16:28:10.899674
Argentina,France,France,France,France,30.0,21.0,11.0,4.0,1.0,Messi,Mbappe,Griezmann,Pogba,Pavard,2018-06-30 16:29:10.941945
Argentina,France,France,France,France,30.0,22.0,11.0,4.0,1.0,Messi,Mbappe,Griezmann,Pogba,Pavard,2018-06-30 16:30:11.028375
Argentina,France,France,France,France,29.0,22.0,11.0,4.0,1.0,Messi,Mbappe,Griezmann,Pogba,Pavard,2018-06-30 16:31:11.085362
Argentina,France,France,France,France,29.0,22.0,11.0,4.0,1.0,Messi,Mbappe,Griezmann,Pogba,Pavard,2018-06-30 16:32:11.171490
Argentina,France,France,France,France,29.0,22.0,11.0,4.0,1.0,Messi,Mbappe,Griezmann,Pogba,Pavard,2018-06-30 16:33:11.242644
Argentina,France,France,France,France,29.0,23.0,11.0,4.0,1.0,Messi,Mbappe,Griezmann,Pogba,Pavard,2018-06-30 16:34:11.328739
Argentina,France,France,France,France,28.0,23.0,11.0,4.0,1.0,Messi,Mbappe,Griezmann,Pogba,Pavard,2018-06-30 16:35:11.404740
Argentina,France,France,France,France,28.0,23.0,10.0,4.0,1.0,Messi,Mbappe,Griezmann,Pogba,Pavard,2018-06-30 16:36:11.471483
Argentina,France,France,France,France,28.0,23.0,10.0,5.0,1.0,Messi,Mbappe,Griezmann,Pogba,Pavard,2018-06-30 16:37:11.504732
Argentina,France,France,France,France,28.0,23.0,10.0,5.0,1.0,Messi,Mbappe,Griezmann,Pogba,Pavard,2018-06-30 16:38:11.591771
Argentina,France,France,France,France,28.0,23.0,10.0,5.0,1.0,Messi,Mbappe,Griezmann,Pogba,Pavard,2018-06-30 16:39:11.670840
Argentina,France,France,France,France,28.0,23.0,10.0,5.0,1.0,Messi,Mbappe,Griezmann,Pogba,Pavard,2018-06-30 16:40:11.757832
Argentina,France,France,France,France,28.0,23.0,10.0,5.0,1.0,Messi,Mbappe,Griezmann,Pogba,Pavard,2018-06-30 16:41:11.838672
Argentina,France,France,France,France,28.0,23.0,10.0,5.0,1.0,Messi,Mbappe,Griezmann,Pogba,Pavard,2018-06-30 16:42:11.907704
Argentina,France,France,France,France,28.0,23.0,10.0,5.0,1.0,Messi,Mbappe,Griezmann,Pogba,Pavard,2018-06-30 16:43:11.936429
Argentina,France,France,France,France,28.0,23.0,10.0,5.0,1.0,Messi,Mbappe,Griezmann,Pogba,Pavard,2018-06-30 16:44:12.020086
Argentina,France,France,France,France,28.0,23.0,10.0,5.0,1.0,Messi,Mbappe,Griezmann,Pogba,Pavard,2018-06-30 16:45:12.085112
Argentina,France,France,France,France,27.0,23.0,10.0,5.0,1.0,Messi,Mbappe,Griezmann,Pogba,Pavard,2018-06-30 16:46:12.161181
Argentina,France,France,France,France,27.0,23.0,10.0,5.0,1.0,Messi,Mbappe,Griezmann,Pogba,Pavard,2018-06-30 16:47:12.248177
Argentina,France,France,France,France,27.0,23.0,10.0,5.0,1.0,Messi,Mbappe,Griezmann,Pogba,Pavard,2018-06-30 16:48:12.327927
Argentina,France,France,France,France,27.0,23.0,10.0,5.0,1.0,Messi,Mbappe,Griezmann,Pogba,Pavard,2018-06-30 16:49:12.413221
Argentina,France,France,France,France,27.0,23.0,10.0,5.0,1.0,Messi,Mbappe,Griezmann,Pogba,Pavard,2018-06-30 16:50:12.458622
Argentina,France,France,France,France,27.0,23.0,10.0,5.0,1.0,Messi,Mbappe,Griezmann,Pogba,Pavard,2018-06-30 16:51:12.526119
Argentina,France,France,France,France,27.0,23.0,10.0,5.0,1.0,Messi,Mbappe,Griezmann,Pogba,Pavard,2018-06-30 16:52:12.612107
Argentina,France,France,France,France,27.0,23.0,10.0,5.0,1.0,Messi,Mbappe,Griezmann,Pogba,Pavard,2018-06-30 16:53:12.662842
Argentina,France,France,France,France,26.0,23.0,10.0,5.0,1.0,Messi,Mbappe,Griezmann,Pogba,Pavard,2018-06-30 16:54:12.727783
Argentina,France,France,France,France,26.0,23.0,10.0,5.0,1.0,Messi,Mbappe,Griezmann,Pogba,Pavard,2018-06-30 16:55:12.810713
Argentina,France,France,France,France,26.0,23.0,10.0,5.0,1.0,Messi,Mbappe,Griezmann,Pogba,Pavard,2018-06-30 16:56:12.846848
Argentina,France,France,France,France,26.0,23.0,10.0,5.0,1.0,Messi,Mbappe,Griezmann,Pogba,Pavard,2018-06-30 16:57:12.930227
Argentina,France,France,France,France,26.0,23.0,10.0,5.0,1.0,Messi,Mbappe,Griezmann,Pogba,Pavard,2018-06-30 16:58:12.994701
Argentina,France,France,France,France,26.0,23.0,10.0,5.0,1.0,Messi,Mbappe,Griezmann,Pogba,Pavard,2018-06-30 16:59:13.080633
Argentina,France,France,France,France,26.0,23.0,10.0,5.0,1.0,Messi,Mbappe,Griezmann,Pogba,Pavard,2018-06-30 17:00:13.167230
Argentina,France,France,France,France,26.0,23.0,10.0,5.0,1.0,Messi,Mbappe,Griezmann,Pogba,Pavard,2018-06-30 17:01:13.253547
Argentina,France,France,France,France,26.0,23.0,10.0,5.0,1.0,Messi,Mbappe,Griezmann,Pogba,Pavard,2018-06-30 17:02:13.330974
Argentina,France,France,France,France,25.0,23.0,10.0,5.0,1.0,Messi,Mbappe,Griezmann,Pogba,Pavard,2018-06-30 17:03:13.402784
Argentina,France,France,France,France,25.0,23.0,10.0,5.0,1.0,Messi,Mbappe,Griezmann,Pogba,Pavard,2018-06-30 17:04:13.463309
Argentina,France,France,France,France,25.0,23.0,10.0,5.0,1.0,Messi,Mbappe,Griezmann,Pogba,Pavard,2018-06-30 17:05:13.496579
Argentina,France,France,France,France,25.0,23.0,10.0,5.0,1.0,Messi,Mbappe,Griezmann,Pogba,Pavard,2018-06-30 17:06:13.523080
Argentina,France,France,France,France,25.0,23.0,10.0,5.0,1.0,Messi,Mbappe,Griezmann,Pogba,Pavard,2018-06-30 17:07:13.609181
Argentina,France,France,France,France,26.0,23.0,10.0,5.0,1.0,Messi,Mbappe,Griezmann,Pogba,Pavard,2018-06-30 17:08:13.667773
Argentina,France,France,France,France,26.0,23.0,10.0,5.0,1.0,Messi,Mbappe,Griezmann,Pogba,Pavard,2018-06-30 17:09:13.732348
Argentina,France,France,France,France,26.0,23.0,10.0,5.0,1.0,Messi,Mbappe,Griezmann,Pogba,Pavard,2018-06-30 17:10:13.815072
Argentina,France,France,France,France,26.0,23.0,9.0,5.0,1.0,Messi,Mbappe,Griezmann,Pogba,Pavard,2018-06-30 17:11:13.890487
Argentina,France,France,France,France,26.0,22.0,9.0,5.0,1.0,Messi,Mbappe,Griezmann,Pogba,Pavard,2018-06-30 17:12:13.965952
Argentina,France,France,France,France,26.0,22.0,9.0,5.0,1.0,Messi,Mbappe,Griezmann,Pogba,Pavard,2018-06-30 17:13:14.046698
Argentina,France,France,France,France,26.0,22.0,9.0,5.0,1.0,Messi,Mbappe,Griezmann,Pogba,Pavard,2018-06-30 17:14:14.134029
Argentina,France,France,France,France,26.0,22.0,9.0,5.0,1.0,Messi,Mbappe,Griezmann,Pogba,Pavard,2018-06-30 17:15:14.188195
Argentina,France,France,France,France,26.0,22.0,9.0,5.0,2.0,Messi,Mbappe,Griezmann,Pogba,Pavard,2018-06-30 17:16:14.262745
Argentina,France,France,France,France,25.0,21.0,9.0,5.0,3.0,Messi,Mbappe,Griezmann,Pogba,Pavard,2018-06-30 17:17:14.338793
Argentina,France,France,France,France,25.0,21.0,9.0,5.0,4.0,Messi,Mbappe,Griezmann,Pogba,Pavard,2018-06-30 17:18:14.422761
Argentina,France,France,France,France,25.0,21.0,9.0,5.0,5.0,Messi,Mbappe,Griezmann,Pogba,Pavard,2018-06-30 17:19:14.469933
Argentina,France,France,France,France,24.0,21.0,9.0,6.0,5.0,Messi,Mbappe,Griezmann,Pavard,Pogba,2018-06-30 17:20:14.555637
Argentina,France,France,France,France,24.0,20.0,9.0,7.0,5.0,Messi,Mbappe,Griezmann,Pavard,Pogba,2018-06-30 17:21:14.614629
Argentina,France,France,France,France,24.0,20.0,9.0,8.0,5.0,Messi,Mbappe,Griezmann,Pavard,Pogba,2018-06-30 17:22:14.700915
Argentina,France,France,France,France,24.0,21.0,9.0,8.0,5.0,Messi,Mbappe,Griezmann,Pavard,Pogba,2018-06-30 17:23:14.728421
Argentina,France,France,France,France,24.0,21.0,9.0,8.0,5.0,Messi,Mbappe,Griezmann,Pavard,Pogba,2018-06-30 17:24:14.815336
Argentina,France,France,France,France,24.0,21.0,8.0,8.0,5.0,Messi,Mbappe,Griezmann,Pavard,Pogba,2018-06-30 17:25:14.901359
Argentina,France,France,France,France,24.0,21.0,9.0,8.0,5.0,Messi,Mbappe,Pavard,Griezmann,Pogba,2018-06-30 17:26:14.969858
Argentina,France,France,France,France,23.0,22.0,9.0,8.0,5.0,Messi,Mbappe,Pavard,Griezmann,Pogba,2018-06-30 17:27:15.054793
Argentina,France,France,France,France,23.0,22.0,9.0,8.0,5.0,Messi,Mbappe,Pavard,Griezmann,Pogba,2018-06-30 17:28:15.141925
Argentina,France,France,France,France,23.0,22.0,9.0,8.0,4.0,Messi,Mbappe,Pavard,Griezmann,Pogba,2018-06-30 17:29:15.187178
Argentina,France,France,France,France,23.0,23.0,9.0,8.0,4.0,Messi,Mbappe,Pavard,Griezmann,Pogba,2018-06-30 17:30:15.274153
Argentina,France,France,France,France,23.0,23.0,9.0,8.0,4.0,Messi,Mbappe,Pavard,Griezmann,Pogba,2018-06-30 17:31:15.306956
France,Argentina,France,France,France,23.0,23.0,9.0,8.0,4.0,Mbappe,Messi,Pavard,Griezmann,Pogba,2018-06-30 17:32:15.392323
France,Argentina,France,France,France,24.0,23.0,9.0,8.0,4.0,Mbappe,Messi,Pavard,Griezmann,Pogba,2018-06-30 17:33:15.458812
France,Argentina,France,France,France,24.0,23.0,9.0,8.0,4.0,Mbappe,Messi,Pavard,Griezmann,Pogba,2018-06-30 17:34:15.506886
France,Argentina,France,France,France,24.0,23.0,9.0,8.0,5.0,Mbappe,Messi,Pavard,Griezmann,Pogba,2018-06-30 17:35:15.579050
France,Argentina,France,France,France,24.0,23.0,9.0,8.0,5.0,Mbappe,Messi,Pavard,Griezmann,Pogba,2018-06-30 17:36:15.649137
France,Argentina,France,France,France,24.0,23.0,9.0,8.0,5.0,Mbappe,Messi,Pavard,Griezmann,Pogba,2018-06-30 17:37:15.736364
France,Argentina,France,France,France,24.0,23.0,9.0,8.0,5.0,Mbappe,Messi,Pavard,Griezmann,Pogba,2018-06-30 17:38:15.798805
France,Argentina,France,France,France,24.0,23.0,9.0,8.0,4.0,Mbappe,Messi,Pavard,Griezmann,Pogba,2018-06-30 17:39:15.882897
France,Argentina,France,France,France,24.0,23.0,9.0,8.0,5.0,Mbappe,Messi,Pavard,Griezmann,Pogba,2018-06-30 17:40:15.956492
France,Argentina,France,France,France,24.0,23.0,9.0,8.0,5.0,Mbappe,Messi,Pavard,Griezmann,Pogba,2018-06-30 17:41:16.023613
France,Argentina,France,France,France,25.0,23.0,9.0,8.0,4.0,Mbappe,Messi,Pavard,Griezmann,Pogba,2018-06-30 17:42:16.108438
France,Argentina,France,France,France,25.0,23.0,9.0,8.0,4.0,Mbappe,Messi,Pavard,Griezmann,Pogba,2018-06-30 17:43:16.150834
France,Argentina,France,France,France,25.0,23.0,9.0,8.0,4.0,Mbappe,Messi,Pavard,Griezmann,Pogba,2018-06-30 17:44:16.223281
France,Argentina,France,France,France,25.0,24.0,9.0,7.0,4.0,Mbappe,Messi,Pavard,Griezmann,Pogba,2018-06-30 17:45:16.286578
France,Argentina,France,France,France,25.0,24.0,9.0,7.0,4.0,Mbappe,Messi,Pavard,Griezmann,Pogba,2018-06-30 17:46:16.369166
France,Argentina,France,France,France,25.0,24.0,9.0,7.0,4.0,Mbappe,Messi,Pavard,Griezmann,Pogba,2018-06-30 17:47:16.455275
France,Argentina,France,France,France,25.0,24.0,9.0,7.0,4.0,Mbappe,Messi,Pavard,Griezmann,Pogba,2018-06-30 17:48:16.534291
France,Argentina,France,France,France,25.0,24.0,9.0,7.0,4.0,Mbappe,Messi,Pavard,Griezmann,Pogba,2018-06-30 17:49:16.594542
France,Argentina,France,France,France,25.0,24.0,9.0,7.0,4.0,Mbappe,Messi,Pavard,Griezmann,Pogba,2018-06-30 17:50:16.677358
France,Argentina,France,France,France,25.0,24.0,9.0,7.0,4.0,Mbappe,Messi,Pavard,Griezmann,Pogba,2018-06-30 17:51:16.741435
France,Argentina,France,France,France,24.0,24.0,9.0,7.0,4.0,Mbappe,Messi,Pavard,Griezmann,Pogba,2018-06-30 17:52:16.818204
France,Argentina,France,France,France,24.0,24.0,9.0,7.0,4.0,Mbappe,Messi,Pavard,Griezmann,Pogba,2018-06-30 17:53:16.883136
France,Argentina,France,France,France,24.0,24.0,9.0,7.0,4.0,Mbappe,Messi,Pavard,Griezmann,Pogba,2018-06-30 17:54:16.951376
France,Argentina,France,France,France,24.0,24.0,9.0,7.0,4.0,Mbappe,Messi,Pavard,Griezmann,Pogba,2018-06-30 17:55:17.020821
France,Argentina,France,France,France,24.0,24.0,9.0,7.0,4.0,Mbappe,Messi,Pavard,Griezmann,Pogba,2018-06-30 17:56:17.099067
Argentina,France,France,France,France,24.0,24.0,9.0,7.0,4.0,Messi,Mbappe,Pavard,Griezmann,Pogba,2018-06-30 17:57:17.164839
Argentina,France,France,France,France,24.0,24.0,9.0,7.0,4.0,Messi,Mbappe,Pavard,Griezmann,Pogba,2018-06-30 17:58:17.191863
Argentina,France,France,France,France,24.0,24.0,9.0,7.0,4.0,Messi,Mbappe,Pavard,Griezmann,Pogba,2018-06-30 17:59:17.278286
Argentina,France,France,France,France,24.0,24.0,9.0,7.0,4.0,Messi,Mbappe,Pavard,Griezmann,Pogba,2018-06-30 18:00:17.354551
Argentina,France,France,France,France,25.0,24.0,9.0,7.0,4.0,Messi,Mbappe,Pavard,Griezmann,Pogba,2018-06-30 18:01:17.426116
Argentina,France,France,France,France,25.0,24.0,9.0,7.0,4.0,Messi,Mbappe,Pavard,Griezmann,Pogba,2018-06-30 18:02:17.462693
Argentina,France,France,France,France,25.0,24.0,9.0,7.0,4.0,Messi,Mbappe,Pavard,Griezmann,Pogba,2018-06-30 18:03:17.533398
Argentina,France,France,France,France,25.0,24.0,9.0,7.0,4.0,Messi,Mbappe,Pavard,Griezmann,Pogba,2018-06-30 18:04:17.614581
Argentina,France,France,France,France,25.0,24.0,9.0,7.0,4.0,Messi,Mbappe,Pavard,Griezmann,Pogba,2018-06-30 18:05:17.695099
Argentina,France,France,France,France,28.0,24.0,12.0,5.0,5.0,Messi,Mbappe,Pavard,Griezmann,Pogba,2018-06-30 21:08:37.008082
Argentina,France,France,France,France,28.0,24.0,12.0,5.0,5.0,Messi,Mbappe,Pavard,Griezmann,Pogba,2018-06-30 21:09:37.090579
Argentina,France,France,France,France,28.0,24.0,12.0,5.0,5.0,Messi,Mbappe,Pavard,Griezmann,Pogba,2018-06-30 21:10:37.176971
Argentina,France,France,France,France,28.0,24.0,12.0,5.0,5.0,Messi,Mbappe,Pavard,Griezmann,Pogba,2018-06-30 21:11:37.228860
Argentina,France,France,France,France,28.0,24.0,12.0,5.0,5.0,Messi,Mbappe,Pavard,Griezmann,Pogba,2018-06-30 21:12:37.262966
Argentina,France,France,France,France,28.0,24.0,12.0,5.0,5.0,Messi,Mbappe,Pavard,Griezmann,Pogba,2018-06-30 21:13:37.346736
Argentina,France,France,France,France,28.0,24.0,12.0,5.0,5.0,Messi,Mbappe,Pavard,Griezmann,Pogba,2018-06-30 21:14:37.433787
Argentina,France,France,France,France,28.0,24.0,12.0,5.0,5.0,Messi,Mbappe,Pavard,Griezmann,Pogba,2018-06-30 21:15:37.518681
Argentina,France,France,France,France,28.0,24.0,12.0,5.0,5.0,Messi,Mbappe,Pavard,Griezmann,Pogba,2018-06-30 21:16:37.546824
Argentina,France,France,France,France,28.0,24.0,12.0,5.0,5.0,Messi,Mbappe,Pavard,Griezmann,Pogba,2018-06-30 21:17:37.633079
Argentina,France,France,France,France,28.0,24.0,12.0,5.0,5.0,Messi,Mbappe,Pavard,Griezmann,Pogba,2018-06-30 21:18:37.689922
Argentina,France,France,France,France,28.0,24.0,12.0,5.0,5.0,Messi,Mbappe,Pavard,Griezmann,Pogba,2018-06-30 21:19:37.761041
Argentina,France,France,France,France,28.0,24.0,12.0,5.0,5.0,Messi,Mbappe,Pavard,Griezmann,Pogba,2018-06-30 21:20:37.846343
Argentina,France,France,France,France,28.0,24.0,12.0,5.0,5.0,Messi,Mbappe,Pavard,Griezmann,Pogba,2018-06-30 21:21:37.921823
Argentina,France,France,France,France,28.0,24.0,12.0,5.0,5.0,Messi,Mbappe,Pavard,Griezmann,Pogba,2018-06-30 21:22:37.998555
Argentina,France,France,France,France,28.0,24.0,12.0,5.0,5.0,Messi,Mbappe,Pavard,Griezmann,Pogba,2018-06-30 21:23:38.084697
Argentina,France,France,France,France,28.0,24.0,12.0,5.0,5.0,Messi,Mbappe,Pavard,Griezmann,Pogba,2018-06-30 21:24:38.144053
Argentina,France,France,France,France,28.0,24.0,12.0,5.0,5.0,Messi,Mbappe,Pavard,Griezmann,Pogba,2018-06-30 21:25:38.177332
Argentina,France,France,France,France,28.0,24.0,12.0,5.0,5.0,Messi,Mbappe,Pavard,Griezmann,Pogba,2018-06-30 21:26:38.252811
Argentina,France,France,France,France,28.0,24.0,12.0,5.0,5.0,Messi,Mbappe,Pavard,Griezmann,Pogba,2018-06-30 21:27:38.319515
Argentina,France,France,France,France,28.0,24.0,12.0,5.0,5.0,Messi,Mbappe,Pavard,Griezmann,Pogba,2018-06-30 21:28:38.394553
Argentina,France,France,France,France,28.0,24.0,12.0,5.0,5.0,Messi,Mbappe,Pavard,Griezmann,Pogba,2018-06-30 21:29:38.462548
Argentina,France,France,France,France,28.0,24.0,12.0,5.0,5.0,Messi,Mbappe,Pavard,Griezmann,Pogba,2018-06-30 21:30:38.506818
Argentina,France,France,France,France,28.0,24.0,12.0,5.0,5.0,Messi,Mbappe,Pavard,Griezmann,Pogba,2018-06-30 21:31:38.581950
Argentina,France,France,France,France,28.0,24.0,12.0,5.0,5.0,Messi,Mbappe,Pavard,Griezmann,Pogba,2018-06-30 21:32:38.668320
Argentina,France,France,France,France,28.0,24.0,12.0,5.0,5.0,Messi,Mbappe,Pavard,Griezmann,Pogba,2018-06-30 21:33:38.728439
Argentina,France,France,France,France,28.0,24.0,12.0,5.0,5.0,Messi,Mbappe,Pavard,Griezmann,Pogba,2018-06-30 21:34:38.782022
Argentina,France,France,France,France,28.0,24.0,12.0,5.0,5.0,Messi,Mbappe,Pavard,Griezmann,Pogba,2018-06-30 21:35:38.863354
Argentina,France,France,France,France,28.0,24.0,12.0,5.0,5.0,Messi,Mbappe,Pavard,Griezmann,Pogba,2018-06-30 21:36:38.922652
Argentina,France,France,France,France,28.0,24.0,12.0,5.0,5.0,Messi,Mbappe,Pavard,Griezmann,Pogba,2018-06-30 21:37:39.008691
Argentina,France,France,France,France,28.0,24.0,12.0,5.0,5.0,Messi,Mbappe,Pavard,Griezmann,Pogba,2018-06-30 21:38:39.094098
Argentina,France,France,France,France,28.0,24.0,12.0,5.0,5.0,Messi,Mbappe,Pavard,Griezmann,Pogba,2018-06-30 21:39:39.181274
Argentina,France,France,France,France,28.0,24.0,12.0,5.0,5.0,Messi,Mbappe,Pavard,Griezmann,Pogba,2018-06-30 21:40:39.257777
Argentina,France,France,France,France,28.0,24.0,12.0,5.0,5.0,Messi,Mbappe,Pavard,Griezmann,Pogba,2018-06-30 21:41:39.305660
Argentina,France,France,France,France,28.0,24.0,12.0,5.0,5.0,Messi,Mbappe,Pavard,Griezmann,Pogba,2018-06-30 21:42:39.377578
